Master Measure,ICI
"ICI 001: 
Designação: Condições para a importação de pneus novos e de pneus usados para recauchutagem, reciclagem ou outra forma de valorização

Organismos: Autoridade Tributária e Aduaneira (AT), através das administrações aduaneiras onde são cumpridas as formalidades aduaneiras de importação
Agência Portuguesa do Ambiente

Condições de desalfandegamento:
Pneus novos e usados qualquer que seja o seu destino: Documento comprovativo da existência de contrato escrito com a entidade gestora de pneus usados - ”VALORPNEU” (cópia do contrato).
Pneus usados destinados a reciclagem ou qualquer outra forma valorização: para além do documento acima referido, deve, ainda, ser apresentado comprovativo do licenciamento, emitido pela CCDR (Comissão de Coordenação e Desenvolvimento Regional).
",ICI 001
"ICI 012: 
Designação: Condições para a importação de sangue humano e amostras de sangue.

Organismos: Instituto Português de Sangue.
Direção Geral de Saúde ou Instituto Nacional de Saúde Dr. Ricardo Jorge.
Instituto de Medicina Legal.
Instituto Nacional da Farmácia e do Medicamento.

Condições de desalfandegamento: Apresentação de autorização emitida por um dos organismos acima mencionados dependendo do uso que se vai dar à mercadoria.
",ICI 012
"ICI 013: 
Designação: Condições para a importação de objetos em estanho.

Organismo: Direção Geral das Atividades Económicas como entidade responsável pelo acompanhamento da aplicação do Dec-Lei n.º 133/2006.

Condições de desalfandegamento: Apresentação da declaração prevista no n.º 4 do artigo 3.º do Dec-Lei n.º 133/2006, emitida pelo importador. A não apresentação desta declaração impede a introdução em livre prática das mercadorias em causa.
",ICI 013
"ICI 015: 
Designação: Procedimentos na importação de armas, das suas partes e componentes, acessórios e munições.

Organismo: Polícia de Segurança Pública (PSP) - Departamento de Armas e
Explosivos

Condições de desalfandegamento: Autorização, prévia de importação, emitida pela PSP e peritagem efetuada pela mesma entidade.
",ICI 015
"ICI 016: 
Designação: Condições para a importação de cimentos.

Organismo: Autoridade Tributária e Aduaneira, Autoridade de Segurança Alimentar e Económica (ASAE), Agência para a Competitividade e Inovação (IAPMEI), Instituto Português da Qualidade; Laboratório Nacional de Engenharia Civil; Associação Portuguesa das Empresas de Betão Pronto.

Condições de desalfandegamento: A importação de cimentos ou ligantes hidráulicos utilizados no fabrico de betões, argamassas, caldas de injeção e outros produtos para a construção, obriga que estas mercadorias tenham obrigatoriamente de ter aposta a marcação CE.
",ICI 016
"ICI 017: 
Designação: Condições para a importação de embarcações de recreio, motas de água e seus componentes ou motores - Decreto-Lei nº 26-A/2016

Organismo:
- Autoridade Tributária e Aduaneira (AT), através das estâncias aduaneiras onde são cumpridas as formalidades aduaneiras de importação.
- Autoridade de Segurança Alimentar e Económica (ASAE) 
- Direção-Geral de Recursos Naturais, Segurança e Serviços Marítimos (DGRM).
- IAPMEI.

Condições de desalfandegamento: Marcação CE e Declaração UE de Conformidade ou Declaração de que as embarcações semiacabadas se destinam a ser completadas por terceiros e em conformidade com o previsto no Decreto-Lei nº 26-A/2016
",ICI 017
"ICI 017: 
Designação: Condições para a importação de embarcações de recreio, motas de água e seus componentes ou motores - Decreto-Lei nº 26-A/2016

Organismo:
- Autoridade Tributária e Aduaneira (AT), através das estâncias aduaneiras onde são cumpridas as formalidades aduaneiras de importação.
- Autoridade de Segurança Alimentar e Económica (ASAE) 
- Direção-Geral de Recursos Naturais, Segurança e Serviços Marítimos (DGRM).
- IAPMEI.

Condições de desalfandegamento: Marcação CE e Declaração UE de Conformidade ou Declaração de que as embarcações semiacabadas se destinam a ser completadas por terceiros e em conformidade com o previsto no Decreto-Lei nº  26-A/2016
",ICI 017
"ICI 019: 
Designação: Condições para a importação de géneros alimentícios de origem não animal.

Organismo: Direções Regionais de Agricultura e Pescas (DRAP).

Condições de desalfandegamento: Apresentação de um certificado de controlo dos géneros alimentícios emitido pelas DRAP. No caso do controlo não ser feito apresentação de uma notificação ou declaração de controlo emitida pelas DRAP, através da qual é dado conhecimento à estância aduaneira competente dessa situação.",ICI 019
"ICI 023: 
Designação: Condições para o desalfandegamento de substâncias radioativas e de equipamento que emita radiações ionizantes.
Organismo:
Agência Portuguesa do Ambiente (APA).
Autoridade Tributária e Aduaneira (AT), através das estâncias aduaneiras onde são cumpridas as formalidades aduaneiras de importação.

Condições de desalfandegamento:
Equipamentos produtores de radiações que não contenham materiais radioativos:
Documento de aceitação da transferência, de acordo com o modelo “Declaração – equipamentos”
Materiais radioativos sob a forma de fontes radioativas não-seladas:
Documento de aceitação da transferência, de acordo com o modelo “Declaração nostermos dos artigos 44º, 53º e 176º do Decreto-Lei nº 108/2018, de 3 de dezembro. Fontes radioativas seladas ou equipamentos que as incorporem: Documento “Importação de Fontes Radioativas Seladas ou Equipamento que as Incorpore”.
Matérias perigosas de Classe 7 – Radioativas
Cópia da Declaração nos termos dos artigos 44º. 53º e 176 do Decreto-Lei nº 108/2018, de 3 de dezembro e do documento “Importação de Fontes Radioativas Seladas ou Equipamento que as Incorpore”.",ICI 023
"ICI 024:
Designação: Condições para a introdução em livre prática e consumo de matérias fertilizantes 

Organismo: 
- Autoridade Tributária e Aduaneira (AT), através das estâncias aduaneiras onde são cumpridas as formalidades aduaneiras de importação. 
- Direção-Geral das Atividades Económicas. 

Condições de desalfandegamento: Matérias fertilizantes apresentadas a granel. Documento de acompanhamento com a menção «Produto fertilizante UE», ou, tratando-se de matérias fertilizantes não harmonizadas, o número de Registo. Adubos apresentados embalados. Rótulo com a menção «Produto fertilizante UE», ou, tratando-se de matérias fertilizantes não harmonizadas, o número de Registo",ICI 024
"ICI 024:
Designação: Condições para a introdução em livre prática e consumo de matérias fertilizantes 

Organismo: 
- Autoridade Tributária e Aduaneira (AT), através das estâncias aduaneiras onde são cumpridas as formalidades aduaneiras de importação. 
- Direção-Geral das Atividades Económicas. 

Condições de desalfandegamento: Matérias fertilizantes apresentadas a granel. Documento de acompanhamento com a menção «Produto fertilizante UE», ou, tratando-se de matérias fertilizantes não harmonizadas, o número de Registo. Adubos apresentados embalados. Rótulo com a menção «Produto fertilizante UE», ou, tratando-se de matérias fertilizantes não harmonizadas, o número de Registo.
",ICI 024
"ICI 025: 
Designação: Medidas de controlo sobre os Produtos Fitofarmacêuticos ou os Adjuvantes de um Produto Fitofarmacêutico declarados para o regime de introdução em livre prática e consumo

Organismo: Direção Geral de Agricultura e Desenvolvimento Rural.
- Autoridade Tributária e Aduaneira (AT), autoridade competente para autorizar, mediante prévio parecer favorável da DGAV, as introduções em livre prática e consumo  dos  produtos  fitofarmacêuticos  ou  de  adjuvantes  de  um  produto fitofarmacêutico.
- Direção  Geral  de  Alimentação  e  Veterinária (DGAV),  enquanto  autoridade fitossanitária emissora dos títulos de autorização e a quem incumbe o controlo no âmbito fitofarmacêutico.

Condições de desalfandegamento:
−   Autorização  de  colocação  no  mercado  de  produto  fitofarmacêutico  ou  de adjuvante de um produto fitofarmacêutico, emitida pela DGAV; ou,
−   Declaração  emitida  pela  DGAV  em  como  o  produto  fitofarmacêutico  ou  o adjuvante de um produto fitofarmacêutico está autorizado a ser comercializado pelo importador; ou,
−   Declaração  emitida  pela  DGAV  em  como  o  produto  fitofarmacêutico  ou  o adjuvante   de   um   produto   fitofarmacêutico   destina-se   a   investigação   e desenvolvimento.",ICI 025
"ICI 026: 
Designação: Controlo sobre material destinado à prática de jogos de fortuna ou azar.

Organismo: Autoridade Tributária e Aduaneira (AT), através das estâncias aduaneiras onde são cumpridas as formalidades de importação.
Inspeção-Geral de Jogos.

Condições de desalfandegamento: É necessário uma autorização emitida pela Inspeção Geral de Jogos",ICI 026
"ICI 029: 
Designação: Importação de produtos destinados à alimentação animal, identificados como produtos Geneticamente Modificados – GM

Organismo: Direção Geral da Veterinária

Condições de desalfandegamento: Apresentação de cópia do documento enviado à   DGV (Doc. 416/DGV e /ou Doc. 327/DGV)bem como uma declaração do operador, indicando que a mercadoria submetida a despacho se destina à alimentação animal.",ICI 029
"ICI 030: 
Designação: Importação de produtos não destinados à alimentação humana nem à alimentação animal, identificados como produtos Geneticamente Modificados GM

Organismo: Inspeção-Geral do Ambiente

Condições de desalfandegamento: Apresentação de cópia do documento enviado ao IGA.",ICI 030
"ICI 033: 
Designação: Proibição de importação de aparelhos, dispositivos ou productos suscetíveis de revelarem a presença ou perturbarem o funcionamento de instrumentos destinados à deteção ou registo das infrações ao Código da Estrada.

Organismo: Autoridade de Segurança Alimentar e Económica

Condições de desalfandegamento: É proibida a importação de aparelhos, dispositivos ou produtos suscetíveis de revelarem a presença ou perturbarem o funcionamento de instrumentos destinados à deteção ou registo das infrações ao Código da Estrada, classificados no código pautal 8512 30 00.
",ICI 033
"ICI 038: 
Designação: Condições de desalfandegamento de produtos cosméticos.

Organismo: Autoridade Nacional do Medicamento e Produtos de Saúde I.P. (INFARMED). Autoridade Tributária e Aduaneira (AT), através das estâncias aduaneiras onde são cumpridas as formalidades aduaneiras de importação.

Condições de desalfandegamento: Apresentação de um documento de conformidade emitido pelo INFARMED, identificativo de que o produto cosmético está em condições de ser desalfandegado.",ICI 038
"ICI 039: 
Designação: Condições de desalfandegamento de suplementos alimentares.

Organismo: Autoridade Tributária e Aduaneira (AT), através das estâncias aduaneiras onde são cumpridas as formalidades aduaneiras de importação.
Direção de Serviços de Nutrição e Alimentação da Direcção-Geral de Agricultura e Veterinária (DGAV).

Condições de desalfandegamento:
1.Com dispensa de controlo oficial:
1.1.Importação efetuada por particular sem fins comerciais em que o valor global da totalidade da remessa seja inferior a 200€.
Ou
1.2. Remessas que se destinam a ser importadas para fins de prospeção comercial ou  fins  laboratoriais,  que  beneficiem  de  correspondente  franquia  aduaneira  nos termos  dos  artigos 86.º  ou 95.º  do  Regulamento  (CE)  n.º 1186/2009,  de  16 novembro.
2.Sujeito a controlo oficial:
2.1.Importação  de  remessa  efetuada  por  particular  em  que  o  valor  aduaneiro  é igual ou superior a 200€.
Ou
2.2.Importação efetuada por pessoa coletiva que não se destine a fins de prospeção comercial ou laboratoriais, de qualquer valor.",ICI 039
"ICI 042: 
Designação: Controlos sobre as sementes das espécies agrícolas e hortícolas.

Organismo: Direção-Geral de Agricultura e Desenvolvimento Rural

Condições de desalfandegamento:
1.   Entrega pelo operador nas Alfândegas, de cópia do Formulário “Pedido de importação de sementes de espécies agrícolas e hortícolas” debidamente preenchido, assinado e com o respetivo parecer da DGPC emitido;
2.   Etiquetas de certificação OCDE, etiquetas de certificação EU ou etiquetas do produtor, apostas nas respetivas embalagens.",ICI 042
"ICI 044:
Organismo: IMPRENSA NAC. – CASA DA MOEDA 
Condições de desalfandegamento: Guias de Remessa
",ICI 044
"ICI 045: 
Designação: Condições para o desalfandegamento de madeiras e cascas isoladas.

Organismos: Autoridade Tributária e Aduaneira (AT) através das estâncias aduaneiras onde são cumpridas as formalidades de importação.
Divisão de Inspeção Fitossanitária e Propágulos atual Direção-Geral de Alimentação e Veterinária (DGAV)
Autoridade Florestal Nacional (AFN) futura Direção de Unidade de Defesa da Floresta (DGCNF)
Divisão de Inspeção Fitossanitária e Propágulos

Condições de desalfandegamento: A importação de madeiras e cascas  isoladas está sujeita, nos casos em que é exigido, à apresentação dos seguintes documentos:
- Atestado de inspeção fitossanitária à importação; ou
- Documento fitossanitário de transporte.
No caso de material de embalagem de madeira (ex.: caixas, paletes, engradados) e madeira utilizada para calçar ou suportar carga:
-   Marca   conforme   modelo   constante   da   Norma   Internacional   de   Medidas Fitossanitárias   n.º 15 (NIMF15),   a   qual   substitui   quaisquer   exigencias documentais.",ICI 045
"ICI 047: 
Designação: Tabela de controlos fitossanitários para vegetais e produtos vegetais.

Organismo: Direção-Geral de Agricultura e Desenvolvimento Rural.

Condições de desalfandegamento: Sujeição da mercadoria importada a uma inspeção fitossanitária e/ou exibição de certificado fitossanitário emitido pela Direção Geral de Agricultura e Desenvolvimento Rural.",ICI 047
"ICI 049: 
Designação: Procedimentos na importação de produtos explosivos.

Organismo: Polícia de Segurança Pública (PSP) - Departamento de Armas e Explosivos.

Condições de desalfandegamento: Autorização de importação emitida pela PSP e peritagem efectuada pela mesma entidade, cujo resultado é averbado no verso do original da autorização de importação.",ICI 049
"ICI 050: 
Designação: Condições para o desalfandegamento de medicamentos para uso humano.

Organismo:
- Autoridade Tributária e Aduaneira (AT) através das estâncias aduaneiras onde são cumpridas as formalidades aduaneiras de importação.
- INFARMED - Autoridade Nacional do Medicamento e Produtos de Saúde, I.P.

Condições de desalfandegamento: Importação, pelo titular da AIM, de Medicamentos com Autorização de Introdução no Mercado (AIM):
- Cópia de Autorização de Introdução no Mercado (AIM); ou,
- Print da informação de um Medicamento retirada do site do INFARMED, da Internet, em substituição da cópia da AIM.
Importação, pelo titular da AIM, de Medicamentos com Autorização de Introdução no Mercado (AIM) Centralizada:
- Cópia da AIM Centralizada; e,
- Original do documento emitido pelo INFARMED com o n.º de registo da(s) apresentação(ões)  da(s)  embalagem(ns)  do  Medicamento  a  comercializar em Portugal, com AIM Centralizada.
Importação de Medicamentos com Autorização de Utilização Especial  (AUE) a título excecional, pelo titular:
- Cópia da Autorização de Utilização Especial a título excecional.
Importação,  por  um  distribuidor  grossista,  de  Medicamentos,  com  Autorização  de Introdução no Mercado (AIM):
- Cópia da Autorização de Distribuição por grosso e cópia da Autorização de Introdução no Mercado (AIM); ou,
- Cópia da Autorização de Distribuição por grosso e Print da informação de um Medicamento retirada do site do INFARMED, da Internet, em substituição da cópia da AIM.
Importação, por  um  distribuidor  grossista,  de  Medicamentos,  com  Autorização  de Utilização Especial (AUE):
- Cópia da Autorização de Distribuição por grosso e cópia da Autorização de Utilização Especial.
Importação de Medicamentos com Autorização de Utilização Especial  (AUE) a título excecional, por um distribuidor grossista:
- Cópia da Autorização de Distribuição por grosso e Cópia da Autorização de Utilização Especial a título excepcional.
Importação de Medicamentos com AIM por um fabricante, não titular da AIM:
- Cópia da Autorização de fabrico.
Importação de Medicamentos Experimentais:
- Original   da   autorização   de   fabrico   de   medicamentos/medicamentos
experimentais, emitida pelo INFARMED, em nome do importador.
Importação de Medicamentos (pequenas remessas), destinadas a particulares:
- Cópia da receita médica carimbada pelo INFARMED.
Importação  de  Medicamentos  sem  AIM,  por  fabricante  titular  da  Autorização  de Fabrico:
- Cópia da Autorização de Fabrico.",ICI 050
"ICI 053: 
Designação: Controlos sobre propágulos e sementes das espécies de fruteiras e ornamentais, e jovens plantas hortícolas.

Organismo: Direção-Geral de Agricultura e Desenvolvimento Rural

Condições de desalfandegamento:
1.   Entrega  pelo  operador  nas  Alfândegas,  de  cópia  do  Formulário  “Pedido  de importação de sementes e propágulos de espécies de fruteiras, ornamentais e  hortícolas  (jovens  plantas)”  devidamente  preenchido,  assinado  e  com  o respetivo parecer da DGADR emitido;",ICI 053
"ICI 063: 
Designação: Obrigatoriedade de utilização de uma estampilha especial, nas bebidas espirituosas acondicionadas para venda ao público, enquadradas no Reg. (CE) n.º 110/2008.

Organismos: De controlo do sistema de selagem: Autoridade Tributária e Aduaneira (AT) através da Direção de Serviços de Gestão de Recursos Financeiros (responsável pela compra das estampilhas à INCM e venda aos organismos de promoção e verificação das bebidas espirituosas) e das estâncias aduaneiras onde são introduzidas no consumo as bebidas espirituosas.
De regulação do sistema de selagem: Direção de Serviços dos Impostos Especiais sobre o Consumo e do Imposto sobre Veículos através da Divisão do Imposto sobre o Álcool e Bebidas Alcoólicas.
De venda das estampilhas aos operadores económicos: Autoridade de Segurança Alimentar e Económica, Instituto do Vinho e da Vinha, Comissões Vitivinícolas Regionais reconhecidas como entidades certificadoras, Instituto do Vinho da Madeira e Direção Regional do Comércio, Indústria e Energia.

Condições de desalfandegamento: Para operadores registados, não registados e representantes fiscais as estampilhas têm de ser obrigatoriamente apostas no país de origem das bebidas espirituosas. Para os outros tipos de operadores as estampilhas têm de ser obrigatoriamente apostas antes da introdução no consumo das bebidas espirituosas, nos entrepostos fiscais de produção, armazenagem, nos entrepostos aduaneiros ou em caso de venda em hasta pública no armazém dos leilões, e nas estâncias aduaneiras onde vierem a ser introduzidas no consu",ICI 063
"ICI 064: 
Designação: Condições para o desalfandegamento de substâncias ativas e de produtos biocidas, da competência da Direção-Geral de Saúde - DGS.

Organismos:
- Autoridade Tributária e Aduaneira (AT), através das estâncias aduaneiras onde são cumpridas as formalidades aduaneiras de importação
- Direção-Geral da Saúde, Divisão de Saúde Ambiental e Ocupacional, Núcleo de Riscos Químicos e Biológicos

Condições de desalfandegamento:
Todos os tipos de produtos biocidas, com exceção dos produtos biocidas de proteção  da  madeira  (tipo  de  produto  8)  e  dos  produtos  biocidas  de  uso veterinário independentemente do tipo de produto:
- Produtos biocidas a importar, abrangidos pela Portaria n.º  17  980  [tipo de produtos  PT 14  (Rodenticidas/Raticidas),  PT 18  (Inseticidas,  Formicidas, Baraticidas), PT 19 (Repelentes e atrativos) e estritamente fungicidas]: Autorização de Venda (documento emitido pela DGS)
- Produtos  biocidas  a  importar  não  abrangidos  pela  Portaria  n.º 17  980 (desinfetantes  de  pele  humana  sã,  desinfetantes  de  águas  de  consumo humano ou de águas de piscinas, os algicidas, desinfetantes de superfícies, produtos de proteção de películas ou de fibras, anti-incrustantes, acaricidas, entre outros tipos de produtos): Cópia integral do Processo de Notificação efetuada à DGS
- Produtos   biocidas   a   importar   abrangidos   pelo   Regulamento (UE)   n.º 528/2012 do Parlamento Europeu e do Conselho (BPR): Autorização de colocação e uso no mercado Português de produto biocida contendo um SPC (Resumo das Características do Produto, em Português) anexo (documentos emitidos pela DGS).",ICI 064
"ICI 065: 
Designação: Condições para o desalfandegamento de produtos biocidas preservadores de madeira da competência da Direção-Geral de Agricultura e Desenvolvimento Rural - DGADR

Organismos:
Autoridade Tributária e Aduaneira (AT), através das estâncias aduaneiras onde são cumpridas as formalidades aduaneiras de importação.
Direção-Geral de Agricultura e Desenvolvimento Rural, Divisão de Homologação e de Avaliação Toxicológica, Ecotoxicológica, Ambiental e da Identidade de Produtos Fitofarmacêuticos.

Condições de desalfandegamento:
Produtos biocidas preservadores de madeira.
- Título de Autorização de Colocação no Mercado.
- Ofício da DGADR atestando que o produto está autorizado.
Produtos biocidas preservadores de madeira de baixo risco.
- Autorização de Colocação no Mercado por Registo.
- Ofício da DGADR atestando que o produto está autorizado.
Produtos  biocidas  preservadores  de  madeira  e  produtos  biocida  preservadores  de madeira de baixo risco.
- Autorização de Experimentação.
- Autorização de Colocação no Mercado Face a um Perigo Imprevisível.",ICI 065
"ICI 066: 
Designação: Condições exigíveis na importação de aço, destinado a ser utilizado em armaduras para betão armado, que se apresentem na forma de varões, barras, rolos ou bobinas, redes electrossoldadas, treliças e fitas ou bandas denteadas.

Organismos: Autoridade Tributária e Aduaneira (AT), através das estâncias aduaneiras onde são cumpridas as formalidades aduaneiras de importação.
Associação para a Certificação de Produtos - CERTIF
IPAC - Instituto Português de Acreditação, I.P.
Autoridade de Segurança Alimentar e Económica (ASAE)

Condições de desalfandegamento: A importação de produtos em aço para utilização de armaduras para betão armado destinados a serem utilizados como armaduras que se apresentem na forma de na forma de varões, barras, rolos ou bobinas, redes electrossoldadas, treliças e fitas ou bandas denteadas, obriga a que esta mercadoria tenha uma Licença para o Uso da Marca Produto Certificado, emitido pela CERTIF.",ICI 066
"ICI 070: 
Designação: Controlo dos precursores de estupefacientes e das substâncias psicotrópicas -Importação Categoria 1.

Organismo: Autoridade Tributária e Aduaneira (AT), através da Direção de Serviços de Licenciamento.

Condições de desalfandegamento: Apresentação do despacho de concessão da licença para o exercício de ativida",ICI 070
"ICI 071: 
Designação: Controlo na importação dos precursores de estupefacientes e das substâncias psicotrópicas - Categoria 2.

Organismo: Autoridade Tributária e Aduaneira (AT), através da Direção de Serviços de Licenciamento.

Condições de desalfandegamento: Prova de registo na Direção de Serviços de Licenciamento.",ICI 071
"ICI 072: 
Designação: Controlo do comércio internacional de diamantes em bruto – Processo de Kimberley.

Organismo: Autoridade Tributária e Aduaneira (AT), através das estâncias aduaneiras; Autoridade Comunitária para processar a validação dos certificados de importação e verificação das remessas.

Condições de desalfandegamento: É proibida a importação de diamantes em bruto, a menos que estejam satisfeitas as seguintes condições:
a)   Os diamantes em bruto devem vir acompanhados de um certificado validado pela autoridade competente de um participante;
b)   Os   diamantes   em   bruto   devem   estar   acondicionados   em contentores invioláveis  e os  selos  apostos na  exportação por ese participante não podem estar rompidos;
c)   O certificado deve identificar claramente a que remessa se refere;
d)   Sejam  efetuadas  as  formalidades  de  importação  junto  de  uma autoridade comunitár",ICI 072
"ICI 074: 
Designação: Condições para a importação de produtos em aço, de alta resistência e baixa relaxação, que se apresentem na forma de fios, cordões e varões, destinados a serem utilizados como armaduras em betão pré-esforçado.

Organismo: Autoridade Tributária e Aduaneira (AT), através das estâncias aduaneiras onde são cumpridas as formalidades aduaneiras de importação.
Associação para a Certificação de Produtos - CERTIF
Autoridade de Segurança Alimentar e Económica (ASAE)
IPAC - Instituto Português de Acreditação, I.P.

Condições de desalfandegamento: A importação de a produtos em aço, de alta resistência e baixa relaxação, que se apresentem na forma de fios, cordões e varões, destinados a serem utilizados como armaduras em betão pré-esforçado, obriga a que esta mercadoria tenha uma Licença para o Uso da Marca Produto Certificado, emitido pela CERTIF.",ICI 074
"ICI 075: 
Designação: Condições para o desalfandegamento de Isqueiros.

Organismos:
- Autoridade Tributária e Aduaneira (AT), através das estâncias aduaneiras onde são cumpridas as formalidades aduaneiras de importação.
- Autoridade para Segurança Alimentar e Económica
Condições de desalfandegamento:
1- A importação de isqueiros está condicionada à apresentação de um relatório de ensaio que certifique que o modelo de isqueiro é seguro para as crianças.
2- Quando se tratar de isqueiros recarregáveis é necessário que o operador comprove:
-A existência de garantia escrita de, pelo menos, dois anos para cada isqueiro, nos termos do Dec. Lei 67/2003, de 8 de abril.
- A possibilidade de o isqueiro ser efetivamente reparado, incluindo o seu mecanismo de ignição e, recarregado com segurança, durante todo o tempo de vida útil;
-A possibilidade de substituição ou de reparação, findo o período de garantia, de partes não consumíveis, mas suscetíveis de desgaste ou avaria devido a uso contínuo, encontrando-se o respetivo centro de assistência pós-venda sedeado na União Europeia.
3- A importação de isqueiros “novidade” e suas partes está proibida.",ICI 075
"ICI 076: 
Designação: Condições para a importação de brinquedos declarados para o regime de introdução em Livre Prática e Consumo.

Organismos: Autoridade Tributária e Aduaneira (AT), através das estâncias aduaneiras onde são cumpridas as formalidades aduaneiras de importação.
ASAE - (Autoridade para a Segurança Alimentar e Económica). Entidade de fiscalização de mercado.
CATIM - Centro de Apoio Tecnológico à Indústria Metalomecânica. Este organismo encontra-se notificado, como encarregue de emitir o certificado CE de tipo.

Condições de desalfandegamento:
Marcação CE e acompanhamento de uma declaração CE de conformidade, bem como, de instruções e informações de segurança em língua portuguesa.",ICI 076
"ICI 077: 
Designação: Condições para a importação de aparelhos a gás, seus componentes de segurança e acessórios.

Organismos: Autoridade Tributária e Aduaneira (AT), Instituto Português da Qualidade (IPQ)

Organismo Notificado: Centro de Apoio Tecnológico à Indústria Metalomecânica(CATIM)

Condições de desalfandegamento:
1.   Cada  aparelho  deverá  ter  colocado  a  marcação “CE”  de  acordo  com  o grafismo  estabelecido  no  anexo  II  do  Regulamento  (CE)  n.º  765/2008,  do Parlamento Europeu e do Conselho, de 9 de julho;
2.   Só podem ser importados aparelhos a gás, dispositivos de segurança e acessórios, com a apresentação de Certificado/Declaração de Conformidade nos termos da presente Informação Complementar.",ICI 077
"ICI 078: 
Designação: Condições para a importação de máquinas, equipamento intermutável, componentes de segurança, acessórios de elevação, correntes, cabos e correias, dispositivos amovíveis de transmissão mecânica e quase-máquinas

Organismos: 
Autoridade Tributária e Aduaneira (AT); IAPMEI – Agência para a Competitividade e Inovação, IP; Autoridade para a Segurança Alimentar e Económica (ASAE) 
Organismos Notificados: Centro de Apoio Tecnológico à Indústria Metalomecânica (CATIM)
Instituto de Soldadura da Qualidade (ISQ)

Condições de desalfandegamento: 
1. Para as máquinas, equipamento intermutável, componentes de segurança, acessórios de elevação, correntes, cabos e correias e dispositivos amovíveis de transmissão mecânica declarados para introdução em livre prática e consumo: marcação «CE», declaração CE de conformidade e manual de instruções. 
2. Para as quase-máquinas declaradas para introdução em livre prática e consumo: declaração de incorporação e manual de montagem.",ICI 078
"ICI 083: 
Designação: Condições de desalfandegamento de Substâncias Ativas para o fabrico de medicamentos

Organismo: Autoridade Nacional do Medicamento e Produtos de Saúde I.P. (INFARMED) através da Direção de Inspeção e Licenciamento, Unidade de Inspeção e Unidade de Licenciamentos.
Autoridade Tributária e Aduaneira (AT), através das estâncias aduaneiras onde são cumpridas as formalidades aduaneiras de importação

Condições de desalfandegamento: Autorização de Introdução no Mercado (AIM) do medicamento em causa quando o importador não seja fabricante de medicamentos, nem distribuidor de matérias-primas, mas seja titular de AIM, que lhe permita importar substâncias ativas para o fabrico de medicamentos;
Esta autorização (AIM) pode ser substituída por uma cópia autenticada do certificado de AIM do medicamento.",ICI 083
"ICI 084: 
Designação: Condições para a importação de mercadorias que se enquadrem no conceito de “equipamento de proteção pessoal”, definido no n.º 1 do Decreto-Lei n.º 118/2019, de 21 de agosto

Organismos intervenientes: Autoridade Tributária e Aduaneira (AT) e Instituto Português da Qualidade.
Organismo competente, em caso de deteção de possível irregularidade

Condições de desalfandegamento:
1. Os equipamentos devem obedecer aos requisitos de fabrico e comercialização referidos no Decreto-Lei n.º 118/2019 de 21 de agosto (REGULAMENTO (UE) 2016/425 DO PARLAMENTO EUROPEU E DO CONSELHO, de 9 de março de 2016), com vista à garantia da adequada proteção da saúde e integridade física dos seus potenciais utilizadores.
2. Deve ser exigida a apresentação de uma “declaração EU de conformidade”, emitida pelo fabricante ou pelo seu mandatário estabelecido na Comunidade, redigida nos termos da REGULAMENTO (UE) 2016/425 DO PARLAMENTO EUROPEU E DO CONSELHO, de 9 de março de 2016.
3. Cumulativamente, os equipamentos devem exibir de forma bem legível e indelével a “marcação CE de conformidade”, nos termos descritos no artigo 4.º do Decreto- Lei n.º 139/95, de 14 de junho.",ICI 084
"ICI 085:
Designação: Condições para a importação de produtos sujeitos à obrigação geral de Segurança. 

Organismos intervenientes: Autoridade Tributária e Aduaneira (AT), através das administrações aduaneiras onde são cumpridas as formalidades aduaneiras de importação; 
Autoridade de Segurança Alimentar e Económica (ASAE); 
Direção Geral do consumidor (DGC). 

Condições de desalfandegamento: Declaração de conformidade com as normas da obrigação geral de segurança.",ICI 085
"ICI 087: 
Designação: condições para a importação de equipamento elétrico destinado a ser utilizado em instalações cuja tensão nominal esteja compreendida entre 50 V e 1000 V, em corrente alternada, ou entre 75 V e 1500 V, em corrente contínua.

Organismos intervenientes:
Autoridade Tributária e Aduaneira (AT), através das estâncias aduaneiras onde são
cumpridas as formalidades de importação.
ASAE/Gabinete Técnico – Pericial da ASAE
ASAE/Divisão de Estudos e Planeamento Operacional da ASAE

Condições de desalfandegamento:
A importação apenas poderá ocorrer se os produtos:
- vierem acompanhados de uma declaração “UE” de conformidade
- tiverem apostos a marcação “UE"" de conformidade",ICI 087
"ICI 090:
Designação: Medidas associadas à importação de pilhas e acumuladores e de baterias (acumuladores) de veículos novos ou usados 

Organismos intervenientes: 
Agência Portuguesa do Ambiente (APA) 
Inspeção-Geral da Agricultura, do Mar, do Ambiente e do Ordenamento do Território (IGAMAOT) 
Autoridade de Segurança Alimentar e Económica (ASAE) 

Condições de desalfandegamento: Rotulagem. Documento comprovativo do registo junto de uma Entidade de Registo, responsável pela organização do registo dos produtores que atuam no mercado nacional. Documento comprovativo de existência de contrato escrito com uma entidade gestora do sistema integrado (cópia do contrato) ou comprovativo de que o importador optou pela adesão a um sistema individual.
",ICI 090
"ICI 092: 
Designação: Condições para o desalfandegamento de fibras de amianto

Organismos intervenientes:
Autoridade Tributária e Aduaneira (AT), através das estâncias aduaneiras onde são cumpridas as formalidades aduaneiras de importação
Direção Geral das Atividades Económicas

Condições de desalfandegamento:
Na casa 44 do Documento Administrativo Único (DAU) deverá constar: O código 3E37, Declaração do Exportador/Produtor em como à mercadoria não foram adicionadas intencionalmente fibras de amianto, nem são fibras de amianto proibidas.
O código 3Y99, quando a mercadoria em causa não estiver abrangida pelo regime previsto na presente IC.",ICI 092
"ICI 093: 
Designação: Condições para o desalfandegamento de produtos que contenham o biocida fumarato de dimetilo (DMF)

Organismos intervenientes:
Autoridade Tributária e Aduaneira (AT), através das estâncias aduaneiras onde são cumpridas as formalidades aduaneiras de importação
Autoridade de Segurança Alimentar e Económica (ASAE)
Instituto do Consumidor através da Comissão de Segurança de Serviços e Bens de Consumo

Condições de desalfandegamento: Na casa 44 do Documento Administrativo Único (DAU) deverá constar o código 3Y93, quando a concentração de DMF é inferior ou igual a 0,1 mg/kg do produto ou de parte do produto.",ICI 093
"ICI 094: 
Designação: Condições a observar na importação de produtos de uso veterinário (PUV)

Organismos intervenientes:
Direção Geral de Veterinária (DGV).
Autoridade Tributária e Aduaneira  (AT), através das estâncias aduaneiras onde são cumpridas as formalidades aduaneiras de importação.

Condições de desalfandegamento:
Apresentação da autorização de importação emitida pela DGV",ICI 094
"ICI 096: 
Designação: Controlo na importação de pneus novos e usados e de bandas de rodagem para recauchutagem, em cujo fabrico foram incorporados Hidrocarbonetos Aromáticos Policíclicos, no âmbito do Anexo XVII do Regulamento REACH

Organismos intervenientes:
APA - Agência Portuguesa do Ambiente
IGAMAOT – Inspeção-Geral da Agricultura, do Mar, do Ambiente e do Ordenamento do Território

Condições de desalfandegamento: Declaração do Importador, na Casa 44 do DAU referente a “Referências especiais/Documentos apresentados/Certificados e Autorizações”, em como respeita a legislação aplicável.",ICI 096
"ICI 097: 
Designação: Proibição na importação de determinados instrumentos de medida que contenham mercúrio, no âmbito do previsto no Anexo XVII do Regulamento REACH (entrada 18A).

Organismos intervenientes:
APA - Agência Portuguesa do Ambiente
IGAMAOT – Inspeção-Geral da Agricultura, do Mar, do Ambiente e do Ordenamento do Território

Condições de desalfandegamento:
Declaração do Importador, na Casa 44 do DAU referente a “Referências especiais/Documentos apresentados/Certificados e Autorizações”, em como respeita a legislação aplicável.",ICI 097
"ICI 098: 
Designação: Condições para o desalfandegamento de substâncias ativas e de produtos biocidas de uso veterinário, da competência da Direção-Geral de Veterinária - (DGV).

Organismos:
Autoridade Tributária e Aduaneira (AT), através das estâncias aduaneiras onde são cumpridas as formalidades aduaneiras de importação.
Direção-Geral de Veterinária/Direção de Serviços de Medicamentos e Produtos biocidas de Uso Veterinário.

Condições de desalfandegamento:
Substâncias ativas e produtos biocidas de uso veterinário.
- Autorização de Colocação no Mercado.
- Ofício emitido pela DGV atestando que o produto biocida está autorizado.
Produtos biocidas de uso veterinário de baixo risco.
- Registo.
- Reconhecimento  Mútuo  de  uma  Autorização  de  Colocação  no  Mercado  por Registo.
Produtos biocidas de uso veterinário e produtos biocidas de uso veterinário de baixo risco.
- Autorização por Procedimento Nacional.
- Autorização por Procedimento de Reconhecimento Mútuo.
- Registo por Procedimento Nacional.
- Registo por Procedimento de Reconhecimento Mútuo.
Os  documentos  acima  referidos  têm  que  ser  fisicamente  apresentados  no  ato  de desalfandegamento das mercadorias.",ICI 098
"ICI 099: 
Designação: Condições para o desalfandegamento de tolueno como substância ou em mistura.

Organismos intervenientes:
-  Autoridade Tributária e Aduaneira (AT), através das estâncias aduaneiras onde são cumpridas as formalidades aduaneiras de importação
-  Direção Geral das Atividades Económicas
-  IGAMAOT - Inspeção-Geral da Agricultura, do Mar, do Ambiente e do Ordenamento do Território

Condições de desalfandegamento:
-  Declaração   do   fabricante   em   como   a   mistura   contém   tolueno   numa concentração inferior a 0,1% em peso.
-  Declaração do importador em como a  mercadoria  é tolueno ou  uma  mistura que  contém  tolueno  numa  concentração  igual  ou  superior  a  0,1%  em  peso, mas  não  se  destina  à  utilização  em  produtos  adesivos  nem  em  tintas  para pulverização, destinados ao fornecimento ao público em geral.
- Declaração do importador em como a mistura não contém tolueno.",ICI 099
"ICI 100: 
Designação: Condições para o desalfandegamento de cimento e misturas que contenham cimento, que apresentem na sua composição compostos de crómio VI.

Organismos intervenientes:
-  Autoridade Tributária e Aduaneira (AT), através das estâncias aduaneiras onde são cumpridas as formalidades aduaneiras de importação.
-  Direção-Geral das Atividades Económicas.
-  IGAMAOT - Inspeção-Geral da Agricultura, do Mar, do Ambiente e do Ordenamento do Território.

Condições de desalfandegamento:
-  Declaração  do  fabricante  em  como  o  cimento  e  as  misturas  que  contêm cimento,  quando  hidratados,  contêm  2  mg/kg  (0,0002  %),  ou  menos,  de crómio VI solúvel do peso seco total do cimento.
-  Declaração  do  fabricante  de  cimento  ou  misturas  que  contêm  cimento  em como  foram  utilizados  agentes  redutores  e  em  como  as  embalagens  de cimento ou de misturas que contenham cimento têm, de forma visível, legível e  indelével,  informação  relativa  à  data  de  embalagem,  às  condições  de armazenamento e ao período de armazenamento, apropriada à manutenção do conteúdo  de  crómio  VI  solúvel  abaixo  de  2  mg/kg  (0,0002%)  do  peso  seco total do cimento.
-  Declaração  do  importador  em  como  o  cimento  e  as  misturas  que  contêm cimento serão utilizados em procedimentos controlados, fechados e totalmente automatizados,   tratados   exclusivamente   por   máquinas,   não   havendo possibilidade de contacto com a pele.",ICI 100
"ICI 101: 
Designação: Condições para o desalfandegamento de artigos destinados a entrar em contato direto   e prolongado com a pele, que contenham níquel.

Organismos intervenientes:
-  Autoridade Tributária e Aduaneira (AT), através das estâncias aduaneiras onde são cumpridas as formalidades aduaneiras de importação.
-  Direção-Geral das Atividades Económicas.
-  IGAMAOT - Inspeção-Geral da Agricultura, do Mar, do Ambiente e do Ordenamento do Território.

Condições de desalfandegamento:
-  Declaração  do  fabricante  em  como  nos  conjuntos  de  hastes  destinadas  a inserir  em  orelhas  furadas  e  noutras  partes  perfuradas  do  corpo  humano  a taxa de libertação de níquel é inferior a 0,2 µg/cm2/semana.
-  Declaração do fabricante em como a  taxa de libertação de níquel das partes dos seguintes artigos em contacto direto e prolongado com a pele é inferior ou igual a 0,5 μg/cm/semana:  - brincos;  - colares, pulseiras e fios, argolas de tornozelo e anéis; - caixas de relógios de pulso, braceletes e fivelas de relógio;
- botões de mola, fivelas, rebites, fechos de correr e peças metálicas, quando utilizados no vestuário.
-  Declaração do fabricante em como: - os brincos; - os colares, pulseiras e fios, argolas  de  tornozelo  e  anéis;  -  as  caixas  de  relógios  de  pulso,  braceletes  e fivelas  de  relógio;  -  os  botões  de  mola,  fivelas,  rebites,  fechos  de  correr  e peças  metálicas,  quando  utilizados  no  vestuário,  possuem  um  revestimento que não sendo de níquel é suficiente para garantir que a taxa de libertação de níquel das partes desses artigos em contacto direto e prolongado com a pele não exceda 0,5 μg/cm/semana, durante um período mínimo de dois anos de utilização normal do artigo.
-  Declaração  do  fabricante  de  objetos  que  estão  em  contacto  com  a  pele,  de forma  continuada,  em  como  não  estão  abrangidos  pela  restrição  imposta  na entrada  27 do Anexo XVII do Regulamento REACH, devido à utilização no seu processo de fabrico de substâncias químicas alternativas ao níquel.
-  Declaração do importador em como as mercadorias não estão abrangidas pelo disposto na presente IC, por se tratar de uma importação ocasional efetuada por um particular.",ICI 101
"ICI 101: 
Designação: Condições para o desalfandegamento de artigos destinados a entrar em contato direto   e prolongado com a pele, que contenham níquel.

Organismos intervenientes:
-  Autoridade Tributária e Aduaneira (AT), através das estâncias aduaneiras onde são cumpridas as formalidades aduaneiras de importação.
-  Direção-Geral das Atividades Económicas.
-  IGAMAOT - Inspeção-Geral da Agricultura, do Mar, do Ambiente e do Ordenamento do Território.

Condições de desalfandegamento:
-  Declaração  do  fabricante  em  como  nos  conjuntos  de  hastes  destinadas  a inserir  em  orelhas  furadas  e  noutras  partes  perfuradas  do  corpo  humano  a taxa de libertação de níquel é inferior a 0,2 µg/cm2/semana.
-  Declaração do fabricante em como a  taxa de libertação de níquel das partes dos seguintes artigos em contacto direto e prolongado com a pele é inferior ou igual a 0,5 μg/cm /semana:  - brincos;  - colares, pulseiras e fios, argolas de tornozelo e anéis; - caixas de relógios de pulso, braceletes e fivelas de relógio;
- botões de mola, fivelas, rebites, fechos de correr e peças metálicas, quando utilizados no vestuário.
-  Declaração do fabricante em como: - os brincos; - os colares, pulseiras e fios, argolas  de  tornozelo  e  anéis;  -  as  caixas  de  relógios  de  pulso,  braceletes  e fivelas  de  relógio;  -  os  botões  de  mola,  fivelas,  rebites,  fechos  de  correr  e peças  metálicas,  quando  utilizados  no  vestuário,  possuem  um  revestimento que não sendo de níquel é suficiente para garantir que a taxa de libertação de níquel das partes desses artigos em contacto direto e prolongado com a pele não exceda 0,5 μg/cm /semana, durante um período mínimo de dois anos de utilização normal do artigo.
-  Declaração  do  fabricante  de  objetos  que  estão  em  contacto  com  a  pele,  de forma  continuada,  em  como  não  estão  abrangidos  pela  restrição  imposta  na entrada  27 do Anexo XVII do Regulamento REACH, devido à utilização no seu processo de fabrico de substâncias químicas alternativas ao níquel.
-  Declaração do importador em como as mercadorias não estão abrangidas pelo disposto na presente IC, por se tratar de uma importação ocasional efetuada por um particular.",ICI 101
"ICI 103: 
Designação: Condições para a importação de equipamentos de rádio.

Organismo interveniente:
Autoridade Nacional de Comunicações (ANACOM).

Condições de desalfandegamento: Marcação CE e apresentação de uma declaração CE de conformidade.",ICI 103
"ICI 107: 
Designação: Condições para a importação de dispositivos médicos e respetivos acessórios declarados para o regime de introdução em livre prática e consumo.

Organismos:
- Autoridade Tributária e Aduaneira (AT) através das estâncias aduaneiras onde são cumpridas as formalidades aduaneiras de importação.
- Autoridade Nacional do Medicamento e Produtos de Saúde, I. P.(INFARMED).

Condições de desalfandegamento:
Introdução  em  livre  prática  e  consumo  de  dispositivo  médicos  e  respetivos acessórios, efetuada por entidades que não sejam particulares nem retalhistas:
- Declaração  “CE” de conformidade para dispositivos médicos, emitida pelo fabricante ou pelo seu mandatário estabelecido na União Europeia; e,
- A mercadoria tem aposta a marcação “CE”; e,
- Cópia  do  certificado  ou  da  certidão,  comprovativa  de  que  o  importador entregou  no INFARMED, I.P.  um  processo  de  notificação  de  atividade  de Fabrico e/ou distribuição por Grosso de Dispositivos Médicos; e,
- Certificado CE de conformidade para dispositivos médicos; ou,
- Declaração  do  fabricante  /mandatário  em  como  os  dispositivos  médicos não   necessitam   da   intervenção   do   Organismo   Notificado   enquanto entidade avaliadora externa e, por esse motivo, não apresenta certificado CE de conformidade.
Introdução  em  livre  prática  e  consumo  de  dispositivo  médicos  e  respetivos acessórios, efetuada por um particular:
- Declaração  “CE” de conformidade para dispositivos médicos, emitida pelo fabricante ou pelo seu mandatário estabelecido na União Europeia; e,
- A mercadoria tem aposta a marcação “CE”; ou,
- Comunicação   do   INFARMED   informando   que   após   análise   casuística concluiu  que  não  é  necessária  a  declaração  CE  de  conformidade  nem marcação CE, neste caso concreto. 
Introdução  em  livre  prática  e  consumo  de  dispositivo  médicos  e  respetivos acessórios, efetuada por um retalhista:
- Declaração  “CE” de conformidade para dispositivos médicos, emitida pelo fabricante ou pelo seu mandatário estabelecido na União Europeia; e,
- A mercadoria tem aposta a marcação “CE”; e,
- Certificado CE de conformidade para dispositivos médicos; ou,
- Declaração  do  fabricante  /mandatário  em  como  os  dispositivos  médicos não   necessitam   da   intervenção   do   Organismo   Notificado   enquanto entidade avaliadora externa e, por esse motivo, não apresenta certificado CE de conformidade.",ICI 107
"ICI 108: 
Designação: Controlos fitossanitários na importação de materiais de embalagem que acompanham determinadas mercadorias originárias da Bielorrússia e da China

Organismos:
- Direções Regionais de Agricultura e Pescas (DRAP) que exercem a actividade de controlo nos Postos de Inspecção Fitossanitária Fronteiriços (PIFF).
- Direcção de Serviços de Qualidade e Segurança Alimentar da Direcção Regional de Agricultura e Desenvolvimento Rural da Secretaria Regional do Ambiente e Recursos Naturais (RA Madeira).
- Direcção de Serviços de Agricultura e Pecuária da Secretaria Regional da Agricultura e Floresta do Governo Regional dos Açores (RA Açores)

Condições de desalfandegamento: Na estância aduaneira, onde são cumpridas as formalidades aduaneiras de importação, deve ser entregue, consoante o caso, uma das Declarações escritas mencionadas no texto da IC.",ICI 108
"ICI 109: 
Designação: Condições harmonizadas para a importação de produtos de construção.

Organismo: Autoridade Tributária e Aduaneira (AT); ASAE - Unidade Nacional de Operaçoes , Agencia para a Competitividade e Inovaçao, IP (IAPMEI); Instituto Portugues da Qualidade (IPQ)

Condições de desalfandegamento: A mercadoria deve ser acompanhada de uma Declaração de Desempenho, emitida pelo fabricante, e ter aposta a marcação CE.",ICI 109
"ICI 110: 
Designação: Proibição de importação de substâncias proibidas (Lista anexa à Portaria n.º 324/2016, de 19 de dezembro).

Organismos:
- Autoridade  Tributária  e  Aduaneira  (AT)  através  das  estâncias  aduaneiras onde são cumpridas as formalidades aduaneiras de importação.
- INFARMED - Autoridade Nacional do Medicamento e Produtos de Saúde, I.P.
- Autoridade Antidopagem de Portugal",ICI 110
"ICI 111: 
Designação: Proibição de importação de Novas Substâncias Psicoativas.

Organismos:
- Autoridade Tributária e Aduaneira (AT).
- INFARMED - Autoridade Nacional do Medicamento e Produtos de Saúde, I.P..

Condições de desalfandegamento:
Autorização do INFARMED - Autoridade Nacional do Medicamento e Produtos de Saúde, I.P. para importar Novas Substâncias Psicoativas.",ICI 111
"ICI 112: 
Designação: Condições para o desalfandegamento da madeira e dos produtos da madeira.

Organismos:
- Autoridade Tributária e Aduaneira (AT) através das estâncias aduaneiras onde são cumpridas as formalidades aduaneiras de importação.
- Instituto da Conservação da Natureza e das Florestas (ICNF)

Condições de desalfandegamento:
- A mercadoria deve ser acompanhada de uma Declaração “UE” de conformidade, emitida pelo fabricante ou pelo fornecedor não sedeado na UE e ter aposta a marcação CE.",ICI 112
"ICI 113: 
Designação: Condições para o desalfandegamento de sulfato de chumbo.

Organismos:
- Autoridade Tributária e Aduaneira (AT).
- Agência Portuguesa do Ambiente (APA).

Condições de desalfandegamento:
- Declaração escrita do importador em como a substância ou mistura em causa, não se destina à indústria das tintas ou a ser utilizada como tinta.",ICI 113
"ICI 114:
Designação: Condições para o desalfandegamento de hexacloroetano.

Organismos:
- Autoridade Tributária e Aduaneira (AT).
- Agência Portuguesa do Ambiente (APA).

Condições de desalfandegamento:
- Declaração  escrita  do  importador,  ou  emitida  pelo  fabricante  ou  pelo fornecedor não sedeado na UE, em como a substância ou mistura em causa, hexacloroetano  (C2CL6),-  n.º  CAS  67-72-1,  “não  se  destina  ao  fabrico  ou processamento de metais não ferrosos”; ou,
- Declaração  escrita  do  importador,  ou  emitida  pelo  fabricante  ou  pelo fornecedor não sedeado na UE, em como a substância classificada no código pautal 2903  19  80  00,  ou  mistura  em  causa,  não  está  abrangida  pelo disposto na entrada n.º  41 do Anexo XVII do Regulamento REACH, com as alterações introduzidas pelo Regulamento  (CE) n.º  552/2009, da Comissão, de 22 de junho.",ICI 114
"ICI 115: 
Designação: Controlo aduaneiro na importação de equipamentos elétricos eeletrónicos (EEE) no que se refere à restrição do uso de determinadas substâncias perigosas.

Organismos:
- Autoridade Tributária e Aduaneira (AT)
- Agência Portuguesa do Ambiente, I.P. (APA);
- Direção-Geral das Atividades Económicas (DGAE).

Condições de desalfandegamento:
A mercadoria deve ser acompanhada de uma Declaração “UE"" de conformidade, emitida pelo fabricante ou pelo fornecedor não sedeado na UE e ter aposta a marcação CE.",ICI 115
"ICI 116: 
Designação: Condições para o desalfandegamento de embalagens aerossóis.

Organismos:
- Autoridade Tributária e Aduaneira (AT).
- ASAE - Autoridade de Segurança Alimentar e Económica.

Condições de desalfandegamento:
- Declaração escrita do importador, ou emitida pelo fabricante ou pelo fornecedor não  sediado  na  UE,  em  como  foram  cumpridas  as  “inscrições  obrigatórias”, estabelecidas no artigo 5.º do DL 61/2010, ou
- Declaração escrita do importador, ou emitida pelo fabricante ou pelo fornecedor não sediado na UE, afirmando que as embalagens com substâncias ou misturas, em causa, estão excluídas do âmbito de aplicação do DL 61/2010.",ICI 116
"ICI 117: 
Designação: Condições para o desalfandegamento de pinhas da espécie   Pinus pinea L. (pinheiro manso)

Organismos:
- Autoridade Tributária e Aduaneira (AT).
- Instituto da Conservação da Natureza e das Florestas - ICNF, I.P.

Condições de desalfandegamento:
Apresentação   da ”declaração   de   pinhas”   emitida   pelo   Instituto   Nacional   de Conservação e das Florestas.",ICI 117
"ICI 118: 
Designação: Controlo aduaneiro na introdução, por particulares, de precursores de explosivos

Organismos:
- Autoridade Tributária e Aduaneira (AT), através das estâncias aduaneiras onde são cumpridas as formalidades aduaneiras de importação
- Polícia de Segurança Pública (PSP) - Departamento de Armas e Explosivos, que é a autoridade policial competente a quem compete executar os atos previstos no Decreto-Lei n.º 56/2016 em matéria de licenciamento, controlo e fiscalização de matérias perigosas.",ICI 118
"ICI 119: 
Designação: Condições para a importação de plásticos, cerâmicas e de certas substâncias que migram de materiais e objetos destinados a entrar direta e/ou indiretamente em contacto com os alimentos

Organismos:   Direções Regionais de Agricultura e Pescas e serviços competentes da Regiões Autónomas (DRAP/RA).

Condições de desalfandegamento:
Apresentação do documento comum de entrada devidamente validado pelos serviços competentes (DCE) com a declaração anexa, no caso de matérias de poliamida e melamina provenientes e/ou originários da China e Hong Kong (subposições 3924 10 00 11 ou 3924 10 00 19) desde que enquadráveis no âmbito do Regulamento n.º 284/2011.
Nos restantes casos apresentação do documento comum de entrada (DCE) devidamente validado pelos serviços competentes",ICI 119
"ICI 120:
Designação: Importação de preparações e substâncias estupefacientes e/ou psicotrópicas das tabelas I a IV

Organismo: Autoridade Nacional do Medicamento e Produtos de Saúde (INFARMED)

Condições  de  desalfandegamento:  A  importação  de  preparações  e  substâncias estupefacientes  e/ou  psicotrópicas,  compreendidas  nas  tabelas  I,  II,  III  e  IV  do Decreto-Lei  n.º  15/93,  de  22  de  janeiro,  só  pode  ser  efectuada  por  entidades  ou empresas autorizadas pelo INFARMED a importar essas substâncias ou preparações. Para além da autorização genérica para o exercício de actividade de importação, é necessário  o  Certificado  Oficial  de  Importação  de  Estupefacientes /  Substâncias Psicotrópicas.",ICI 120
"ICI 121:
Designação: Condições para a importação de produtos de tabaco, de produtos à base de plantas para fumar e de cigarros eletrónicos e recargas, efetuadas a um retalhista estabelecido noutro Estado membro ou num país ou território terceiro

Organismo: AT / DSIECIDSIECIV - Direção de Serviços dos Impostos Especiais sobre o Consumo e do Imposto sobre Veículos

Condições   de   desalfandegamento:   São   proibidas   as   compras   à   distancia transfronteiriças, por parte de um consumidor estabelecido em território nacional, de produtos  de  tabaco,  de  produtos  à  base  de  plantas  para  fumar  e  de  cigarros eletrónicos e recargas, efetuadas a um retalhista estabelecido noutro Estado membro ou  num  país  ou  território  terceiro,  como  tal  definido  no  Código  dos  Impostos Especiais de Consumo, aprovado pelo Decreto-Lei n.º 73/2010, de 21 de junho",ICI 121
"ICI 122:
Designação: Etiquetagem Energética - Condicionalismos à importação

Organismos:
Autoridade Tributária e Aduaneira (AT), através das administrações   aduaneiras onde são cumpridas as formalidades aduaneiras de importação.
ASAE/Gabinete Técnico - Pericial da ASAE

Condições  de  desalfandegamento:  A  importação  apenas  poderá  ocorrer  se  os produtos tiverem apostas etiquetas energéticas reescalonadas de A a G.",ICI 122
"ICI 123:
Designação: Importação de pneus: condicionalismos relativos à rotulagem. 

Organismos: 
- Autoridade Tributária e Aduaneira (AT), através das administrações 
- aduaneiras onde são cumpridas as formalidades aduaneiras de importação. 
- ASAE/Gabinete Técnico – Pericial da ASAE
- ASAE/Divisão de Estudos e Planeamento Operacional da ASAE
Condições de desalfandegamento: A importação apenas poderá ocorrer se os produtos tiverem apostas as rotulagens e a Ficha de Informação do produto em língua portuguesa que são exigíveis por força do Regulamento (UE) 2020/740.",ICI 123
"ICI 124:
Designação: Compatibilidade eletromagnética: Condicionalismos na importação. 

Organismos: 
- Autoridade Tributária e Aduaneira (AT), através das administrações aduaneiras onde são cumpridas as formalidades aduaneiras de importação. 
- ASAE/Gabinete Técnico – Pericial da ASAE
- ASAE/Divisão de Estudos e Planeamento Operacional da ASAE
- Autoridade Nacional de Comunicações (ANACOM)

Condições de desalfandegamento: A importação apenas poderá ocorrer se os produtos vierem acompanhados de uma declaração “UE” de conformidade” e do Manual de Instruções em língua portuguesa e tiverem apostos a marcação “CE” de conformidade e a rotulagem em língua portuguesa.",ICI 124
"ICI 125:
Designação: Equipamentos elétricos e eletrónicos (EEE): condicionalismos na Importação. 

Organismos: 
- Autoridade Tributária e Aduaneira (AT), através das administrações aduaneiras onde são cumpridas as formalidades aduaneiras de importação. 
- Agência Portuguesa do Ambiente, I. P. (APA, I. P.)
- ASAE

Condições de desalfandegamento:.Na importação de EEE, com a intenção de serem distribuídos ou comercializados em Portugal, deverá ser apresentada cópia do certificado de registo atualizado do produtor estabelecido em território nacional.
",ICI 125
"ICI 126:
Designação: Importação de pilhas, acumuladores, pneus, óleos lubrificantes e veículos: condicionalismos.

Organismos: Autoridade Tributária e Aduaneira (AT), através das administrações aduaneiras onde são cumpridas as formalidades aduaneiras de importação.
Agência Portuguesa do Ambiente, I. P. (APA, I. P.)

Condições de desalfandegamento:.
Certificado de registo do registo de produtores no Siliamb que acompanha os produtos que estão a ser importados.
Documento comprovativo de que existe um representante autorizado em Portugal",ICI 126
"ICI 128:
Designação: Controlo na importação das somas em dinheiro líquido não acompanhado - Declaração de Divulgação de Dinheiro Líquido.

Organismos:
- Autoridade Tributária e Aduaneira (AT).

Condições de desalfandegamento:.
-Menção Positiva – código 9D09: Declaração de Divulgação de Dinheiro Liquido – DDDL, Regulamento (UE) 2018/1672 Ou
- Menção Negativa – código 9Y19: Não abrangido pelo estabelecido nº 1 do artigo 4º do Regulamento (UE) 2018/1672",ICI 128
"ICI 207: 
Designação: Condições para a importação de dispositivos médicos e respetivos acessórios declarados para o regime de introdução em livre prática.

Organismos:
- Autoridade Tributária e Aduaneira (AT) através das estâncias aduaneiras onde são cumpridas as formalidades aduaneiras de importação.
- Autoridade Nacional do Medicamento e Produtos de Saúde, I. P.(INFARMED).

Condições de desalfandegamento:
- Declaração “CE” de conformidade para dispositivos médicos; e,
- Marcação “CE” de conformidade; e,
- Certificado CE de conformidade para dispositivos médicos; ou,
- Declaração do fabricante /mandatário em como os dispositivos médicos não necessitaram da intervenção do Organismo Notificado enquanto entidade avaliadora externa e, por esse motivo, não apresenta certificado CE de conformidade.",ICI 207
"ICI 224:
Designação: Condições para a introdução em livre prática de matérias fertilizantes

Organismo:
- Autoridade Tributária e Aduaneira (AT), através das estâncias aduaneiras onde são cumpridas as formalidades aduaneiras de importação.
- Direção-Geral das Atividades Económicas.

Condições de desalfandegamento:
Adubos apresentados a granel.
Documento de acompanhamento.
Adubos apresentados embalados.
Rótulo",ICI 224
"ICI 225: 
Designação: Medidas de controlo sobre os Produtos Fitofarmacêuticos ou os Adjuvantes de um Produto Fitofarmacêutico declarados para o regime de introdução em livre prática

Organismo: Direção Geral de Agricultura e Desenvolvimento Rural.
- Autoridade Tributária e Aduaneira (AT), autoridade competente para autorizar, mediante prévio parecer favorável da DGAV, as introduções em livre prática e consumo  dos  produtos  fitofarmacêuticos  ou  de  adjuvantes  de  um  produto fitofarmacêutico.
- Direção  Geral  de  Alimentação  e  Veterinária (DGAV),  enquanto  autoridade fitossanitária emissora dos títulos de autorização e a quem incumbe o controlo no âmbito fitofarmacêutico.

Condições de desalfandegamento: Declaração de transporte de produto fitofarmacêutico ou de adjuvante de um produto fitofarmacêutico destinados a ser utilizados noutro Estado-Membro, emitida",ICI 225
"ICI 276: 
Designação: Condições para a importação de brinquedos declarados para o regime de introdução em Livre Prática.

Organismos: Autoridade Tributária e Aduaneira (AT), através das estâncias aduaneiras onde são cumpridas as formalidades aduaneiras de importação.
ASAE - (Autoridade para a Segurança Alimentar e Económica). Entidade de fiscalização de mercado.
CATIM - Centro de Apoio Tecnológico à Indústria Metalomecânica. Este organismo encontra-se notificado, como encarregue de emitir o certificado CE de tipo.

Condições de desalfandegamento:
Marcação CE e acompanhamento de uma declaração CE de conformidade.",ICI 276
